full_text,Label
BERITA SEMASA  JANUARI   Kepentingan dan kebajikan warga Indonesia di negara ini menjadi agenda utama yang bakal diketengahkan tiga parti sempena program Berani Semuka bertajuk  Pilihan Raya Presiden Pilpres  Indonesia Pilih Siapa di Kompleks Kumpulan Karangkraf ,Tidak Diketahui
narkosun Pilpres tahun  kita harus pilih presiden yang membawa perubahankami yakin pak ganjar pranowo pasti menang,Tidak Diketahui
Pandji Pragiwaksono mengaku belum menentukan arah dukung ke salah satu pasangan Calon Presiden dan Wakil Presiden pada Pilpres  mendatang Ia malah terangterangan menyatakan ingin golput PandjiPragiwaksono Capres Cawapres Golput ,Tidak Diketahui
Maruarar Sirait Saya Dukung PrabowoGibran di Pilpres  PrabowoPresiden PrabowoGibran pilpres ,Paslon_2
Ayo  semua nya kita dukung untuk terus menjaga tingkat keterpilihan pasangan PrabowoGibran dalam Pemilu Presiden dan Wakil Presiden Pilpres  pada  Februari  GibranPalingOK Cawapres  Terbaik ,Tidak Diketahui
Maruarar Sirait Nyatakan Dukung Prabowo Pada Pilpres   PrabowoPresiden PrabowoGibran pilpres ,Paslon_2
UPDATE SENTIMEN ANALISIS LIVE DEBAT KEEMPAT PILPRES   Media Center DE GEPE DELAPAN DGP ,Tidak Diketahui
Setelah Debat ke Cawapres Paslon mana yg semakin mantap akan anda pilih  POLLING NETRAL Pilpres Poling Presiden Survey Jajak Pendapat   Pilpres AniesMuhaimin PrabowoGibran GanjarMahfud AMINAjaDulu GemoySamsul GanjarMahfudSatset DebatCawapres,Tidak Diketahui
Prabowo Cinta Rakyat Rini Soemarno Ajak Dukung Prabowo Gibran di Pilpres  Sosok Presiden yang Dibutuhkan Indonesia  Kilat Jateng  Kilat Jateng  IndonesiaKuatIndonesiaMaju DiplomasiProgresif Melanjutkan,Paslon_2
DEBAT KEEMPAT PILPRES   Media Center DE GEPE DELAPAN DGP ,Tidak Diketahui
tetap yakin memilih pak ganjar dan pak mahfud untuk menjadi presiden dan wakil presiden Indonesia di tahun  mari kita dukung pak Ganjar dan pak Mahfud memenangkan pilpres   GanjarMahfud PresidenRakyat HajatanRakyat MnangkanRakyat MnangkanGanjarMahfud PDIPSolid,Tidak Diketahui
DEBAT PILPRES  KEEMPATCAWAPRES  WAKTU  Minggu  Januari   WIB  SELESAI TEMPAT   Assembly Hall Jakarta Convention Center Stasiun TV Nasional TEMA  Energi Sumber Daya Alam Sumber Daya Mineral Pangan Pajak Karbon Lingkungan Hidup Agraria Masyarakat Adat ,Tidak Diketahui
kompascom Kenapa Slank selalu menyatakan dukungan untuk capres di pilpres   dan    Menurut Saya Slank tidak ingin capres pelanggar HAM jadi presiden   TolakCapresPelanggarHAM  TolakDinastiPolitik  Salut untuk Slank ,Tidak Diketahui
Rakyat bersama Mahasiswa Petani Nelayan amp  Seluruh komponen bangsa rapatkan barisan dan satukan kekuatan bersama Slank dukung dan menangkan Ganjar Mahfud di pilpres     Slank Mnangkan GanjarOrang baik bersama orang baik Ganjar Brsama Rakyat Ganjar Presiden Rakyat  ,Paslon_3
Kita rapatkan barisan dan satukan kekuatan bersama Slank dukung dan menangkan Ganjar Mahfud di pilpres  Slank Mnangkan Ganjar Orang baik bersama orang baik Ganjar Brsama Rakyat Ganjar Presiden Rakyat  Terima kasih yg Retweet amp  Like  RTL di sini  ,Paslon_3
Slank Dukung ganjarpranowo mohmahfudmd pada Pilpres   Slank menyatakan dukungan kepada pasangan Calon Presiden Capres Ganjar Pranowo dan Calon Wakil Presiden Cawapres Mahfud MD pada Pilpres  yang akan digelar  Februari mendatang  Grup band yang bermarkas di ,Paslon_3
yusufdumdum Logika  Andai ingin bargaining sblm Pilpressaya rasa Bu Mega berpikir sejuta kali Knp PDIP tdk mungkin mempertaruhkan tgl  Feb  shg hrs kehilangan pemilih Setia Ganjar Non ProJo Bahkan jika hrs  putaranpun mgkn TDK Tunggu Pilpres Tuntas amp  Presiden Terpilih,Tidak Diketahui
AntonPr MdyAsmara Nazlira tvnPgL ANIES PRESIDEN   Pilpres  Februari    Pilih Nomor    AMIN Aja Dulu      AMINajaDulu ,Tidak Diketahui
DavidWijaya Nanti Pilpres pilih yg sudah teruji melawan kekuatan beliau maka itu Indonesia perlu perubahan bismillahirrahmanirrahim dg izin Alloh SWT Anies Baswedan Presiden Republik Indonesia ,Tidak Diketahui
yozariam Semoga jika Abah Anies menjadi presiden nanti Indonesia menjadi lebih maju dan unggul daripada sebelumnya meskipun banyak yang nggak suka sama Abah Anies bahkan temen deketku sendiri tapi aku tetap memilih jalanku sendiri buat dukung Abah Anies di pilpres  ini,Tidak Diketahui
Sini sini Aku ajarin cara membaca tanda alam  Pilpres  hajat NASional Pesta DEMokrasi  tahun sekali  Pilih No  utk Kebangkitan Bangsa Indonesia  Mari pilih Anies Baswedan utk mjd Presiden RI ke  utk Indonesia yg berKEADILAN rakyat SEJAHTERA  Pilpres ,Paslon_1
Ketua Umum DPP Partai Golkar Airlangga Hartarto menginstruksikan kepada para kader di Kalimantan Barat untuk dukung kemenangan paslon Prabowo SubiantoGibran Rakabuming Raka dalam satu putaran pada Pemilihan Presiden    Airlangga menekankan kader beringin harus berperan ,Tidak Diketahui
CNNIndonesia bobbynasution  memperkuat dugaan bahwa struktur pemerintahan dari pusat sampai daerah sudah tidak netral dimana mendukung anak presiden Jokowi di pilpres  Sebelumnya ada video ajakan secara TDK langsung dari Sekda kab TAKALAR agar ASN pilih anak presiden,Tidak Diketahui
JNKGanjar tak terasa pilpres tinggal menghitung hari mari kita pilih sosok dan figur yang pas untuk presiden indonesia   dan itu ada pada diri ganjar pranowo sosok yang humanis religius humble dan merakyat,Tidak Diketahui
JNKGanjar  pilpres sudah di ambang pintu satukan hati dan niat pilih ganjar pranowo untuk presiden indonesia ,Paslon_3
anyofthings Mari kita dukung Pak Ganjar Pranowo dan Mahfud MD untuk menjadi Presiden RI dan wakil presiden di pilpres  nantinya JNKGanjar JNK,Tidak Diketahui
Sejumlah kyai ulama pengasuh pondok pesantren kyai kampung santri dan masyarakat kabupaten dan kota se Daerah Istimewa Yogyakarta menggelar deklarasi dukung pemenangan pasangan calon presiden dan wakil presiden nomor urut  Ganjar Pranowo dan Mahfud MD pada Pilpres  ,Tidak Diketahui
nanangi tribunnews Pilpres tahun  pilih presiden yang membawa perubahan contohnya pak ganjar,Tidak Diketahui
Pak Jokowi Silakan bapak ambil cuti sbg Presiden agar bisa total dukung putra bapak gibrantweet dalam kontestasi Pilpres   Tanpa ambil cuti maka jangan salahkan RAKYAT jika menilai bapak TIDAK NETRAL Situasi sudah memanas pak Mahasiswa di  Kampus sudah bergerak ,Tidak Diketahui
KayanaDuris IvanCahyadi ibnoe PandamPamungkas MaruararSirait Padahal waktu   Megawati Masih jadi presiden waktu pilpres lawan SBY kan sama saja Presiden dukung dirinya sendiri sebagai capres sama seperti SBY tahun  dan Jokowi  Giliran  jokowi dukung capres kok malah bingung ,Tidak Diketahui
Pilpres kali ini banyak cacat yang terangterangan banget dari pihak presiden sendiri ikut campur oemgey its  alrd tf  Bagus pilih anies,Paslon_1
Pesan ust ABB wajib pilih no untuk presiden   Pilpres itu bukan ideologi ia adalah alat maka kita pakai alat ini untuk membela Islam Pilih calon presiden yang paham Islam dan yang paham Islan hanya no  Anies Baswedan Itu yang wajib kita pilih   Ustadz ABB ,Tidak Diketahui
lilrwok Pak Anies harusnya maju di Pilpres  amp  kmgkn menang lbh besar loh Tp pak Anies lebih pilih jalannya Balian di Kingdom of Heaven Jadinya liat skrg pemilu  makin parah  Coba kalo ikut  trus sukses jadi presiden pilpres  bakal berlangsung jurdil o pak Anies,Tidak Diketahui
Relawan MGB Jawa Timur dukung GanjarMahfud di Pilpres   Jatim Ganjar Pranowo Presiden Pilihanku    asalbukanprabowo asalbukan Jepang Vietnam Abu Ubaidah YANG BENER AJE Ambon Waduh Physical Touch Inul Slank DOYOUNG Indigo ,Paslon_3
Mari kita pilih Ganjar Pranowo sebagai Presiden Republik Indonesia pada Pilpres  Ganjar Pranowo adalah pemimpin yang mampu meningkatkan daya saing ekonomiGanjarMahfudRebound GanjarPranowoPilihanUmat JNK,Paslon_3
Mari kita pilih Ganjar Pranowo sebagai Presiden Republik Indonesia pada Pilpres  Ganjar Pranowo adalah pemimpin yang mampu meningkatkan daya saing ekonomiGanjarMahfudRebound GanjarPranowoPilihanUmat JNK,Paslon_3
Mari kita pilih Ganjar Pranowo sebagai Presiden Republik Indonesia pada Pilpres  Ganjar Pranowo adalah pemimpin yang mampu meningkatkan kualitas pendidikanGanjarMahfudRebound GanjarPranowoPilihanUmat JNK,Paslon_3
Mari kita pilih Ganjar Pranowo sebagai Presiden Republik Indonesia pada Pilpres  Ganjar Pranowo adalah pemimpin yang mampu membawa Indonesia menjadi lebih baikGanjarMahfudRebound GanjarPranowoPilihanUmat JNK,Paslon_3
Mari kita pilih Ganjar Pranowo sebagai Presiden Republik Indonesia pada Pilpres  Ganjar Pranowo adalah pemimpin yang mampu meningkatkan daya saing ekonomiGanjarMahfudRebound GanjarPranowoPilihanUmat JNK,Paslon_3
Mari kita pilih Ganjar Pranowo sebagai Presiden Republik Indonesia pada Pilpres  Ganjar Pranowo adalah pemimpin yang mampu meningkatkan kualitas pendidikanGanjarMahfudRebound GanjarPranowoPilihanUmat JNK,Paslon_3
Mari kita pilih Ganjar Pranowo sebagai Presiden Republik Indonesia pada Pilpres  Ganjar Pranowo adalah pemimpin yang mampu membawa Indonesia menjadi lebih baikGanjarMahfudRebound GanjarPranowoPilihanUmat JNK,Paslon_3
Mari kita pilih Ganjar Pranowo sebagai Presiden Republik Indonesia pada Pilpres  Ganjar Pranowo adalah pemimpin yang mampu meningkatkan daya saing ekonomiGanjarMahfudRebound GanjarPranowoPilihanUmat JNK,Paslon_3
Mari kita pilih Ganjar Pranowo sebagai Presiden Republik Indonesia pada Pilpres  Ganjar Pranowo adalah pemimpin yang mampu meningkatkan kualitas pendidikanGanjarMahfudRebound GanjarPranowoPilihanUmat JNK,Paslon_3
Mari kita pilih Ganjar Pranowo sebagai Presiden Republik Indonesia pada Pilpres  Ganjar Pranowo adalah pemimpin yang mampu membawa Indonesia menjadi lebih baikGanjarMahfudRebound GanjarPranowoPilihanUmat JNK,Paslon_3
Mari kita pilih Ganjar Pranowo sebagai Presiden Republik Indonesia pada Pilpres  Ganjar Pranowo adalah pemimpin yang mampu meningkatkan kualitas pendidikanGanjarMahfudRebound GanjarPranowoPilihanUmat JNK,Paslon_3
Mari kita pilih Ganjar Pranowo sebagai Presiden Republik Indonesia pada Pilpres  Ganjar Pranowo adalah pemimpin yang mampu meningkatkan daya saing ekonomiGanjarMahfudRebound GanjarPranowoPilihanUmat JNK,Paslon_3
Mari kita pilih Ganjar Pranowo sebagai Presiden Republik Indonesia pada Pilpres  Ganjar Pranowo adalah pemimpin yang mampu meningkatkan kualitas pendidikanGanjarMahfudRebound GanjarPranowoPilihanUmat JNK,Paslon_3
Mari kita pilih Ganjar Pranowo sebagai Presiden Republik Indonesia pada Pilpres  Ganjar Pranowo adalah pemimpin yang mampu membawa Indonesia menjadi lebih baikGanjarMahfudRebound GanjarPranowoPilihanUmat JNK,Paslon_3
Mari kita pilih Ganjar Pranowo sebagai Presiden Republik Indonesia pada Pilpres  Ganjar Pranowo adalah pemimpin yang mampu meningkatkan daya saing ekonomiGanjarMahfudRebound GanjarPranowoPilihanUmat JNK,Paslon_3
Mari kita pilih Ganjar Pranowo sebagai Presiden Republik Indonesia pada Pilpres  Ganjar Pranowo adalah pemimpin yang mampu meningkatkan daya saing ekonomiGanjarMahfudRebound GanjarPranowoPilihanUmat JNK,Paslon_3
Mari kita pilih Ganjar Pranowo sebagai Presiden Republik Indonesia pada Pilpres  Ganjar Pranowo adalah pemimpin yang mampu meningkatkan kualitas pendidikanGanjarMahfudRebound GanjarPranowoPilihanUmat JNK,Paslon_3
Mari kita pilih Ganjar Pranowo sebagai Presiden Republik Indonesia pada Pilpres  Ganjar Pranowo adalah pemimpin yang mampu membawa Indonesia menjadi lebih baikGanjarMahfudRebound GanjarPranowoPilihanUmat JNK,Paslon_3
Mari kita pilih Ganjar Pranowo sebagai Presiden Republik Indonesia pada Pilpres  Ganjar Pranowo adalah pemimpin yang mampu meningkatkan daya saing ekonomiGanjarMahfudRebound GanjarPranowoPilihanUmat JNK,Paslon_3
Mari kita pilih Ganjar Pranowo sebagai Presiden Republik Indonesia pada Pilpres  Ganjar Pranowo adalah pemimpin yang mampu membawa Indonesia menjadi lebih baikGanjarMahfudRebound GanjarPranowoPilihanUmat JNK,Paslon_3
Mari kita pilih Ganjar Pranowo sebagai Presiden Republik Indonesia pada Pilpres  Ganjar Pranowo adalah pemimpin yang mampu meningkatkan kualitas pendidikanGanjarMahfudRebound GanjarPranowoPilihanUmat JNK,Paslon_3
Mari kita pilih Ganjar Pranowo sebagai Presiden Republik Indonesia pada Pilpres  Ganjar Pranowo adalah pemimpin yang mampu membawa Indonesia menjadi lebih baikGanjarMahfudRebound GanjarPranowoPilihanUmat JNK,Paslon_3
Mari kita pilih Ganjar Pranowo sebagai Presiden Republik Indonesia pada Pilpres  Ganjar Pranowo adalah pemimpin yang mampu meningkatkan kualitas pendidikanGanjarMahfudRebound GanjarPranowoPilihanUmat JNK,Paslon_3
Mari kita pilih Ganjar Pranowo sebagai Presiden Republik Indonesia pada Pilpres  Ganjar Pranowo adalah pemimpin yang mampu meningkatkan daya saing ekonomiGanjarMahfudRebound GanjarPranowoPilihanUmat JNK,Paslon_3
Mari kita pilih Ganjar Pranowo sebagai Presiden Republik Indonesia pada Pilpres  Ganjar Pranowo adalah pemimpin yang mampu membawa Indonesia menjadi lebih baikGanjarMahfudRebound GanjarPranowoPilihanUmat JNK,Paslon_3
Mari kita pilih Ganjar Pranowo sebagai Presiden Republik Indonesia pada Pilpres  Ganjar Pranowo adalah pemimpin yang mampu meningkatkan kualitas pendidikanGanjarMahfudRebound GanjarPranowoPilihanUmat JNK,Paslon_3
Mari kita pilih Ganjar Pranowo sebagai Presiden Republik Indonesia pada Pilpres  Ganjar Pranowo adalah pemimpin yang mampu meningkatkan daya saing ekonomiGanjarMahfudRebound GanjarPranowoPilihanUmat JNK,Paslon_3
Mari kita pilih Ganjar Pranowo sebagai Presiden Republik Indonesia pada Pilpres  Ganjar Pranowo adalah pemimpin yang mampu meningkatkan kualitas pendidikanGanjarMahfudRebound GanjarPranowoPilihanUmat JNK,Paslon_3
Mari kita pilih Ganjar Pranowo sebagai Presiden Republik Indonesia pada Pilpres  Ganjar Pranowo adalah pemimpin yang mampu membawa Indonesia menjadi lebih baikGanjarMahfudRebound GanjarPranowoPilihanUmat JNK,Paslon_3
Mari kita pilih Ganjar Pranowo sebagai Presiden Republik Indonesia pada Pilpres  Ganjar Pranowo adalah pemimpin yang mampu membawa Indonesia menjadi lebih baikGanjarMahfudRebound GanjarPranowoPilihanUmat JNK,Paslon_3
 Video Najwa Shihab Dukung Prabowo Presiden     Najwa Shihab menjelaskan bahwa dirinya tidak mendukung salah satu paslon pada pilpres  gesture love pada video tersebut merupakan bentuk upaya mengundang Prabowo ke Mata Najwa sebagai narasumber       Selengkapnya di ,Paslon_2
GusRaharjo jokowi ganjarpranowo Pilpres tahun  kita harus pilih presiden yang membawa perubahan pak ganjar pranowo pasti menang LanjutGANsemuamurah,Tidak Diketahui
SINDOnews Pilpres tahun  kita harus pilih presiden yang membawa perubahan pak ganjar pranowo pasti menang LanjutGANsemuamurah,Tidak Diketahui
okezonenews Pilpres tahun  pilih presiden yang membawa perubahan contohnya pak ganjar,Tidak Diketahui
okezonenews Pilpres tahun  kita harus pilih presiden yang membawa perubahan pak ganjar pranowo pasti menang LanjutGANsemuamurah,Tidak Diketahui
Yuk pilih Calon Presiden RI Ganjar Pranowo jadi Presiden Republik Indonesia di Pilpres  JNK JNK GanjarMahfudRebound GanjarPranowoPilihanUmat JNKGanjarRIGanjarRI ,Paslon_3
Yuk pilih Calon Presiden RI Ganjar Pranowo jadi Presiden Republik Indonesia di Pilpres  JNK JNK GanjarMahfudRebound GanjarPranowoPilihanUmat JNKGanjarRIGanjarRI ,Paslon_3
Yuk pilih Calon Presiden RI Ganjar Pranowo jadi Presiden Republik Indonesia di Pilpres  JNK JNK GanjarMahfudRebound GanjarPranowoPilihanUmat JNKGanjarRIGanjarRI ,Paslon_3
Yuk pilih Calon Presiden RI Ganjar Pranowo jadi Presiden Republik Indonesia di Pilpres  JNK JNK GanjarMahfudRebound GanjarPranowoPilihanUmat JNKGanjarRIGanjarRI ,Paslon_3
Yuk pilih Calon Presiden RI Ganjar Pranowo jadi Presiden Republik Indonesia di Pilpres  JNK JNK GanjarMahfudRebound GanjarPranowoPilihanUmat JNKGanjarRIGanjarRI ,Paslon_3
Yuk pilih Calon Presiden RI Ganjar Pranowo jadi Presiden Republik Indonesia di Pilpres  JNK JNK GanjarMahfudRebound GanjarPranowoPilihanUmat JNKGanjarRIGanjarRI ,Paslon_3
Yuk pilih Calon Presiden RI Ganjar Pranowo jadi Presiden Republik Indonesia di Pilpres  JNK JNK GanjarMahfudRebound GanjarPranowoPilihanUmat JNKGanjarRIGanjarRI ,Paslon_3
Yuk pilih Calon Presiden RI Ganjar Pranowo jadi Presiden Republik Indonesia di Pilpres  JNK JNK GanjarMahfudRebound GanjarPranowoPilihanUmat JNKGanjarRIGanjarRI ,Paslon_3
KamandanunGaPak Betul bos Presiden th  sudah ditakdirkan Allah Kita hanya disuruh milih atau berpihak pada kebaikan atau keburukan kejujuran atau kejahatan Itulah amal yg ikut menentukan jadi penghuni surga atau neraka Karena pilpres kali tdk ada yg abu abu semua nampak jelas,Tidak Diketahui
Mari kita pilih Ganjar Pranowo sebagai Presiden Republik Indonesia pada Pilpres  Ganjar Pranowo adalah pemimpin yang mampu meningkatkan daya saing ekonomiGanjarMahfudRebound GanjarPranowoPilihanUmat JNK,Paslon_3
Mari kita pilih Ganjar Pranowo sebagai Presiden Republik Indonesia pada Pilpres  Ganjar Pranowo adalah pemimpin yang mampu meningkatkan daya saing ekonomiGanjarMahfudRebound GanjarPranowoPilihanUmat JNK,Paslon_3
Mari kita pilih Ganjar Pranowo sebagai Presiden Republik Indonesia pada Pilpres  Ganjar Pranowo adalah pemimpin yang mampu meningkatkan kualitas pendidikanGanjarMahfudRebound GanjarPranowoPilihanUmat JNK,Paslon_3
Mari kita pilih Ganjar Pranowo sebagai Presiden Republik Indonesia pada Pilpres  Ganjar Pranowo adalah pemimpin yang mampu meningkatkan kualitas pendidikanGanjarMahfudRebound GanjarPranowoPilihanUmat JNK,Paslon_3
Mari kita pilih Ganjar Pranowo sebagai Presiden Republik Indonesia pada Pilpres  Ganjar Pranowo adalah pemimpin yang mampu meningkatkan daya saing ekonomiGanjarMahfudRebound GanjarPranowoPilihanUmat JNK,Paslon_3
Mari kita pilih Ganjar Pranowo sebagai Presiden Republik Indonesia pada Pilpres  Ganjar Pranowo adalah pemimpin yang mampu membawa Indonesia menjadi lebih baikGanjarMahfudRebound GanjarPranowoPilihanUmat JNK,Paslon_3
Mari kita pilih Ganjar Pranowo sebagai Presiden Republik Indonesia pada Pilpres  Ganjar Pranowo adalah pemimpin yang mampu membawa Indonesia menjadi lebih baikGanjarMahfudRebound GanjarPranowoPilihanUmat JNK,Paslon_3
Mari kita pilih Ganjar Pranowo sebagai Presiden Republik Indonesia pada Pilpres  Ganjar Pranowo adalah pemimpin yang mampu meningkatkan kualitas pendidikanGanjarMahfudRebound GanjarPranowoPilihanUmat JNK,Paslon_3
Mari kita pilih Ganjar Pranowo sebagai Presiden Republik Indonesia pada Pilpres  Ganjar Pranowo adalah pemimpin yang mampu meningkatkan daya saing ekonomiGanjarMahfudRebound GanjarPranowoPilihanUmat JNK,Paslon_3
Mari kita pilih Ganjar Pranowo sebagai Presiden Republik Indonesia pada Pilpres  Ganjar Pranowo adalah pemimpin yang mampu meningkatkan daya saing ekonomiGanjarMahfudRebound GanjarPranowoPilihanUmat JNK,Paslon_3
Mari kita pilih Ganjar Pranowo sebagai Presiden Republik Indonesia pada Pilpres  Ganjar Pranowo adalah pemimpin yang mampu meningkatkan kualitas pendidikanGanjarMahfudRebound GanjarPranowoPilihanUmat JNK,Paslon_3
Mari kita pilih Ganjar Pranowo sebagai Presiden Republik Indonesia pada Pilpres  Ganjar Pranowo adalah pemimpin yang mampu membawa Indonesia menjadi lebih baikGanjarMahfudRebound GanjarPranowoPilihanUmat JNK,Paslon_3
Mari kita pilih Ganjar Pranowo sebagai Presiden Republik Indonesia pada Pilpres  Ganjar Pranowo adalah pemimpin yang mampu meningkatkan daya saing ekonomiGanjarMahfudRebound GanjarPranowoPilihanUmat JNK,Paslon_3
Mari kita pilih Ganjar Pranowo sebagai Presiden Republik Indonesia pada Pilpres  Ganjar Pranowo adalah pemimpin yang mampu membawa Indonesia menjadi lebih baikGanjarMahfudRebound GanjarPranowoPilihanUmat JNK,Paslon_3
Mari kita pilih Ganjar Pranowo sebagai Presiden Republik Indonesia pada Pilpres  Ganjar Pranowo adalah pemimpin yang mampu meningkatkan kualitas pendidikanGanjarMahfudRebound GanjarPranowoPilihanUmat JNK,Paslon_3
Mari kita pilih Ganjar Pranowo sebagai Presiden Republik Indonesia pada Pilpres  Ganjar Pranowo adalah pemimpin yang mampu membawa Indonesia menjadi lebih baikGanjarMahfudRebound GanjarPranowoPilihanUmat JNK,Paslon_3
Mari kita pilih Ganjar Pranowo sebagai Presiden Republik Indonesia pada Pilpres  Ganjar Pranowo adalah pemimpin yang mampu meningkatkan daya saing ekonomiGanjarMahfudRebound GanjarPranowoPilihanUmat JNK,Paslon_3
Mari kita pilih Ganjar Pranowo sebagai Presiden Republik Indonesia pada Pilpres  Ganjar Pranowo adalah pemimpin yang mampu meningkatkan kualitas pendidikanGanjarMahfudRebound GanjarPranowoPilihanUmat JNK,Paslon_3
Mari kita pilih Ganjar Pranowo sebagai Presiden Republik Indonesia pada Pilpres  Ganjar Pranowo adalah pemimpin yang mampu meningkatkan kualitas pendidikanGanjarMahfudRebound GanjarPranowoPilihanUmat JNK,Paslon_3
Mari kita pilih Ganjar Pranowo sebagai Presiden Republik Indonesia pada Pilpres  Ganjar Pranowo adalah pemimpin yang mampu membawa Indonesia menjadi lebih baikGanjarMahfudRebound GanjarPranowoPilihanUmat JNK,Paslon_3
Mari kita pilih Ganjar Pranowo sebagai Presiden Republik Indonesia pada Pilpres  Ganjar Pranowo adalah pemimpin yang mampu meningkatkan daya saing ekonomiGanjarMahfudRebound GanjarPranowoPilihanUmat JNK,Paslon_3
Mari kita pilih Ganjar Pranowo sebagai Presiden Republik Indonesia pada Pilpres  Ganjar Pranowo adalah pemimpin yang mampu meningkatkan daya saing ekonomiGanjarMahfudRebound GanjarPranowoPilihanUmat JNK,Paslon_3
Mari kita pilih Ganjar Pranowo sebagai Presiden Republik Indonesia pada Pilpres  Ganjar Pranowo adalah pemimpin yang mampu meningkatkan kualitas pendidikanGanjarMahfudRebound GanjarPranowoPilihanUmat JNK,Paslon_3
Mari kita pilih Ganjar Pranowo sebagai Presiden Republik Indonesia pada Pilpres  Ganjar Pranowo adalah pemimpin yang mampu membawa Indonesia menjadi lebih baikGanjarMahfudRebound GanjarPranowoPilihanUmat JNK,Paslon_3
jpnncom Pilpres tahun  kita harus pilih presiden yang membawa perubahan pak ganjar pranowo pasti menang LanjutGANsemuamurah,Tidak Diketahui
Mari kita pilih Ganjar Pranowo sebagai Presiden Republik Indonesia pada Pilpres  Ganjar Pranowo adalah pemimpin yang mampu membawa Indonesia menjadi lebih baikGanjarMahfudRebound GanjarPranowoPilihanUmat JNK,Paslon_3
Mari kita pilih Ganjar Pranowo sebagai Presiden Republik Indonesia pada Pilpres  Ganjar Pranowo adalah pemimpin yang mampu meningkatkan kualitas pendidikanGanjarMahfudRebound GanjarPranowoPilihanUmat JNK,Paslon_3
ekokuntadhi Pilpres tahun  kita harus pilih presiden yang membawa perubahan pak ganjar pranowo pasti menang LanjutGANsemuamurah,Tidak Diketahui
Mari kita pilih Ganjar Pranowo sebagai Presiden Republik Indonesia pada Pilpres  Ganjar Pranowo adalah pemimpin yang mampu membawa Indonesia menjadi lebih baikGanjarMahfudRebound GanjarPranowoPilihanUmat JNK,Paslon_3
officialinews Pilpres tahun  pilih presiden yang membawa perubahan contohnya pak ganjar,Tidak Diketahui
tempodotco Pilpres tahun  pilih presiden yang membawa perubahan contohnya pak ganjar,Tidak Diketahui
 Januari   Sore ini kami mengadakan Polling Pemilihan Presiden mengingat Pilpres kurang Sebulan Lagi tepatnya  Februari   Jika Hari ini Pilpres Kalian pilih siapa  Polling aka berakhir pada pukul ,Tidak Diketahui
GusRaharjo Pilpres tahun  kita harus pilih presiden yang membawa perubahan pak ganjar pranowo pasti menang LanjutGANsemuamurah,Tidak Diketahui
GusRaharjo Pilpres tahun  pilih presiden yang membawa perubahan contohnya pak ganjar,Tidak Diketahui
ekokuntadhi Pilpres tahun  kita harus pilih presiden yang membawa perubahan pak ganjar pranowo pasti menang LanjutGANsemuamurah,Tidak Diketahui
IDNTimes Pilpres tahun  pilih presiden yang membawa perubahan contohnya pak ganjar,Tidak Diketahui
kumparan Read moreBismillahirrahmanirrahim Alhamdulillah Kami dukung teman relawan dari RELAGAMA dalam usaha mendukung dan memenangkan Anies Rasyid Baswedan sebagai presiden dalam pilpres  nanti Semoga solid sukses mantap efektif mendukung ARB,Paslon_1
kartarahardja Gerakan ini disponsori Prabowo dg Gerindra begitupun saat Pilpres  politisasi agama dimainkan dg banyak hoax oleh kubu Prabowo jadi memang lebih baik pilih Ganjar Mahfud for Presiden ,Paslon_3
Yuk pilih Calon Presiden RI Ganjar Pranowo jadi Presiden Republik Indonesia di Pilpres  JNK JNK GanjarMahfudRebound GanjarPranowoPilihanUmat JNKGanjarRIGanjarRI ,Paslon_3
Yuk pilih Calon Presiden RI Ganjar Pranowo jadi Presiden Republik Indonesia di Pilpres  JNK JNK GanjarMahfudRebound GanjarPranowoPilihanUmat JNKGanjarRIGanjarRI ,Paslon_3
Yuk pilih Calon Presiden RI Ganjar Pranowo jadi Presiden Republik Indonesia di Pilpres  JNK JNK GanjarMahfudRebound GanjarPranowoPilihanUmat JNKGanjarRIGanjarRI ,Paslon_3
Yuk pilih Calon Presiden RI Ganjar Pranowo jadi Presiden Republik Indonesia di Pilpres  JNK JNK GanjarMahfudRebound GanjarPranowoPilihanUmat JNKGanjarRIGanjarRI ,Paslon_3
Yuk pilih Calon Presiden RI Ganjar Pranowo jadi Presiden Republik Indonesia di Pilpres  JNK JNK GanjarMahfudRebound GanjarPranowoPilihanUmat JNKGanjarRIGanjarRI ,Paslon_3
Yuk pilih Calon Presiden RI Ganjar Pranowo jadi Presiden Republik Indonesia di Pilpres  JNK JNK GanjarMahfudRebound GanjarPranowoPilihanUmat JNKGanjarRIGanjarRI ,Paslon_3
Poros Baru  BADROEN berkoalisi hadapi PAGI di putaran kedua Pilpres   Anies atau Ganjar kita Dukung Presiden   FromHerotoHero,Tidak Diketahui
Yuk pilih Calon Presiden RI Ganjar Pranowo jadi Presiden Republik Indonesia di Pilpres  JNK JNK GanjarMahfudRebound GanjarPranowoPilihanUmat JNKGanjarRIGanjarRI ,Paslon_3
Mari kita pilih Ganjar Pranowo sebagai Presiden Republik Indonesia pada Pilpres  Ganjar Pranowo adalah pemimpin yang mampu meningkatkan daya saing ekonomiGanjarMahfudRebound GanjarPranowoPilihanUmat JNK,Paslon_3
Mari kita pilih Ganjar Pranowo sebagai Presiden Republik Indonesia pada Pilpres  Ganjar Pranowo adalah pemimpin yang mampu meningkatkan daya saing ekonomiGanjarMahfudRebound GanjarPranowoPilihanUmat JNK,Paslon_3
Mari kita pilih Ganjar Pranowo sebagai Presiden Republik Indonesia pada Pilpres  Ganjar Pranowo adalah pemimpin yang mampu meningkatkan kualitas pendidikanGanjarMahfudRebound GanjarPranowoPilihanUmat JNK,Paslon_3
Mari kita pilih Ganjar Pranowo sebagai Presiden Republik Indonesia pada Pilpres  Ganjar Pranowo adalah pemimpin yang mampu meningkatkan kualitas pendidikanGanjarMahfudRebound GanjarPranowoPilihanUmat JNK,Paslon_3
Mari kita pilih Ganjar Pranowo sebagai Presiden Republik Indonesia pada Pilpres  Ganjar Pranowo adalah pemimpin yang mampu membawa Indonesia menjadi lebih baikGanjarMahfudRebound GanjarPranowoPilihanUmat JNK,Paslon_3
Mari kita pilih Ganjar Pranowo sebagai Presiden Republik Indonesia pada Pilpres  Ganjar Pranowo adalah pemimpin yang mampu meningkatkan daya saing ekonomiGanjarMahfudRebound GanjarPranowoPilihanUmat JNK,Paslon_3
Mari kita pilih Ganjar Pranowo sebagai Presiden Republik Indonesia pada Pilpres  Ganjar Pranowo adalah pemimpin yang mampu membawa Indonesia menjadi lebih baikGanjarMahfudRebound GanjarPranowoPilihanUmat JNK,Paslon_3
Mari kita pilih Ganjar Pranowo sebagai Presiden Republik Indonesia pada Pilpres  Ganjar Pranowo adalah pemimpin yang mampu meningkatkan daya saing ekonomiGanjarMahfudRebound GanjarPranowoPilihanUmat JNK,Paslon_3
Mari kita pilih Ganjar Pranowo sebagai Presiden Republik Indonesia pada Pilpres  Ganjar Pranowo adalah pemimpin yang mampu meningkatkan kualitas pendidikanGanjarMahfudRebound GanjarPranowoPilihanUmat JNK,Paslon_3
Mari kita pilih Ganjar Pranowo sebagai Presiden Republik Indonesia pada Pilpres  Ganjar Pranowo adalah pemimpin yang mampu meningkatkan kualitas pendidikanGanjarMahfudRebound GanjarPranowoPilihanUmat JNK,Paslon_3
Mari kita pilih Ganjar Pranowo sebagai Presiden Republik Indonesia pada Pilpres  Ganjar Pranowo adalah pemimpin yang mampu membawa Indonesia menjadi lebih baikGanjarMahfudRebound GanjarPranowoPilihanUmat JNK,Paslon_3
Mari kita pilih Ganjar Pranowo sebagai Presiden Republik Indonesia pada Pilpres  Ganjar Pranowo adalah pemimpin yang mampu meningkatkan daya saing ekonomiGanjarMahfudRebound GanjarPranowoPilihanUmat JNK,Paslon_3
Mari kita pilih Ganjar Pranowo sebagai Presiden Republik Indonesia pada Pilpres  Ganjar Pranowo adalah pemimpin yang mampu membawa Indonesia menjadi lebih baikGanjarMahfudRebound GanjarPranowoPilihanUmat JNK,Paslon_3
Mari kita pilih Ganjar Pranowo sebagai Presiden Republik Indonesia pada Pilpres  Ganjar Pranowo adalah pemimpin yang mampu meningkatkan kualitas pendidikanGanjarMahfudRebound GanjarPranowoPilihanUmat JNK,Paslon_3
Mari kita pilih Ganjar Pranowo sebagai Presiden Republik Indonesia pada Pilpres  Ganjar Pranowo adalah pemimpin yang mampu meningkatkan daya saing ekonomiGanjarMahfudRebound GanjarPranowoPilihanUmat JNK,Paslon_3
Mari kita pilih Ganjar Pranowo sebagai Presiden Republik Indonesia pada Pilpres  Ganjar Pranowo adalah pemimpin yang mampu membawa Indonesia menjadi lebih baikGanjarMahfudRebound GanjarPranowoPilihanUmat JNK,Paslon_3
Mari kita pilih Ganjar Pranowo sebagai Presiden Republik Indonesia pada Pilpres  Ganjar Pranowo adalah pemimpin yang mampu meningkatkan kualitas pendidikanGanjarMahfudRebound GanjarPranowoPilihanUmat JNK,Paslon_3
Mari kita pilih Ganjar Pranowo sebagai Presiden Republik Indonesia pada Pilpres  Ganjar Pranowo adalah pemimpin yang mampu meningkatkan daya saing ekonomiGanjarMahfudRebound GanjarPranowoPilihanUmat JNK,Paslon_3
Mari kita pilih Ganjar Pranowo sebagai Presiden Republik Indonesia pada Pilpres  Ganjar Pranowo adalah pemimpin yang mampu meningkatkan kualitas pendidikanGanjarMahfudRebound GanjarPranowoPilihanUmat JNK,Paslon_3
Mari kita pilih Ganjar Pranowo sebagai Presiden Republik Indonesia pada Pilpres  Ganjar Pranowo adalah pemimpin yang mampu membawa Indonesia menjadi lebih baikGanjarMahfudRebound GanjarPranowoPilihanUmat JNK,Paslon_3
Mari kita pilih Ganjar Pranowo sebagai Presiden Republik Indonesia pada Pilpres  Ganjar Pranowo adalah pemimpin yang mampu meningkatkan daya saing ekonomiGanjarMahfudRebound GanjarPranowoPilihanUmat JNK,Paslon_3
Mari kita pilih Ganjar Pranowo sebagai Presiden Republik Indonesia pada Pilpres  Ganjar Pranowo adalah pemimpin yang mampu meningkatkan kualitas pendidikanGanjarMahfudRebound GanjarPranowoPilihanUmat JNK,Paslon_3
Mari kita pilih Ganjar Pranowo sebagai Presiden Republik Indonesia pada Pilpres  Ganjar Pranowo adalah pemimpin yang mampu membawa Indonesia menjadi lebih baikGanjarMahfudRebound GanjarPranowoPilihanUmat JNK,Paslon_3
Mari kita pilih Ganjar Pranowo sebagai Presiden Republik Indonesia pada Pilpres  Ganjar Pranowo adalah pemimpin yang mampu meningkatkan daya saing ekonomiGanjarMahfudRebound GanjarPranowoPilihanUmat JNK,Paslon_3
Mari kita pilih Ganjar Pranowo sebagai Presiden Republik Indonesia pada Pilpres  Ganjar Pranowo adalah pemimpin yang mampu membawa Indonesia menjadi lebih baikGanjarMahfudRebound GanjarPranowoPilihanUmat JNK,Paslon_3
Mari kita pilih Ganjar Pranowo sebagai Presiden Republik Indonesia pada Pilpres  Ganjar Pranowo adalah pemimpin yang mampu meningkatkan kualitas pendidikanGanjarMahfudRebound GanjarPranowoPilihanUmat JNK,Paslon_3
Mari kita pilih Ganjar Pranowo sebagai Presiden Republik Indonesia pada Pilpres  Ganjar Pranowo adalah pemimpin yang mampu membawa Indonesia menjadi lebih baikGanjarMahfudRebound GanjarPranowoPilihanUmat JNK,Paslon_3
 Bukti nyata untuk Bawaslu dan KPU untuk mendepak Paslon capres dan cawapres  dari ajang pilpres  Segera DISKUALIFIKASI capres amp  cawapres  Haram milih presiden dinasti yg penuh kecurangan,Tidak Diketahui
Kami Masyarakat Banten akan Ikuti instruksi Ulama Kami untuk Dukung GanjarMahfud untuk Menjadi Presiden Dan Wakil Presiden RI di Pilpres  GanjarMahfudMnang GanjarMahfud GanjarMahfud abuyamuhtadi banten ,Paslon_3
kompascom Pilpres tahun  pilih presiden yang membawa perubahan contohnya pak ganjar,Tidak Diketahui
officialinews Pilpres tahun  pilih presiden yang membawa perubahan contohnya pak ganjar,Tidak Diketahui
officialinews Pilpres tahun  pilih presiden yang membawa perubahan contohnya pak ganjar,Tidak Diketahui
Prabowo Cinta Rakyat Ternyata Ini Alasan Pendukung Presiden Jokowi Dukung Prabowo Gibran pada Pilpres   Portal Bandung Timur  Portal Bandung Timur  IndonesiaKuatIndonesiaMaju DiplomasiProgresif Melanjutkan,Paslon_2
ANIES BASWEDAN MENUNAIKAN SEMUA JANJI  JANJI POLITIKNYA DI JAKARTA KALAU ANIES BASWEDAN JADI PRESIDEN INDONESIA LEBIH BANYAK LAGI KEBERKAHAN YG INSYA ALLAH BELIAU BISA HADIRKAN UNTUK INDONESIA  Pilih AMIN dan PKS di Pemilu dan Pilpres  ,Paslon_1
prabowo  dulu Polo sekarang Tennis cakep dulu Prabowo sekarang Anies cakep  Maaf pak Pilpres  ini saya dukung amp  pilih yang terbaik aniesbaswedan Presiden RI ke   Semoga AMIN nomor  juara  menang  putaran Aamiin   AMINkanIndonesia AMINMenangPutaran,Tidak Diketahui
Yuk pilih Calon Presiden RI Ganjar Pranowo jadi Presiden Republik Indonesia di Pilpres  JNK JNK GanjarMahfudRebound GanjarPranowoPilihanUmat JNKGanjarRIGanjarRI ,Paslon_3
Yuk pilih Calon Presiden RI Ganjar Pranowo jadi Presiden Republik Indonesia di Pilpres  JNK JNK GanjarMahfudRebound GanjarPranowoPilihanUmat JNKGanjarRIGanjarRI ,Paslon_3
Yuk pilih Calon Presiden RI Ganjar Pranowo jadi Presiden Republik Indonesia di Pilpres  JNK JNK GanjarMahfudRebound GanjarPranowoPilihanUmat JNKGanjarRIGanjarRI ,Paslon_3
Yuk pilih Calon Presiden RI Ganjar Pranowo jadi Presiden Republik Indonesia di Pilpres  JNK JNK GanjarMahfudRebound GanjarPranowoPilihanUmat JNKGanjarRIGanjarRI ,Paslon_3
Yuk pilih Calon Presiden RI Ganjar Pranowo jadi Presiden Republik Indonesia di Pilpres  JNK JNK GanjarMahfudRebound GanjarPranowoPilihanUmat JNKGanjarRIGanjarRI ,Paslon_3
Yuk pilih Calon Presiden RI Ganjar Pranowo jadi Presiden Republik Indonesia di Pilpres  JNK JNK GanjarMahfudRebound GanjarPranowoPilihanUmat JNKGanjarRIGanjarRI ,Paslon_3
Yuk pilih Calon Presiden RI Ganjar Pranowo jadi Presiden Republik Indonesia di Pilpres  JNK JNK GanjarMahfudRebound GanjarPranowoPilihanUmat JNKGanjarRIGanjarRI ,Paslon_3
Yuk pilih Calon Presiden RI Ganjar Pranowo jadi Presiden Republik Indonesia di Pilpres  JNK JNK GanjarMahfudRebound GanjarPranowoPilihanUmat JNKGanjarRIGanjarRI ,Paslon_3
Yuk pilih Calon Presiden RI Ganjar Pranowo jadi Presiden Republik Indonesia di Pilpres  JNK JNK GanjarMahfudRebound GanjarPranowoPilihanUmat JNKGanjarRIGanjarRI ,Paslon_3
CutSarina Aq lebih milih Pak prabowo subianto nomor urut  sudah jelas saat menjelang debat pilpres kemarin tau gk kata pk gus dur waktu beliau masi adavucapan beliau selalu menjadi kenyataan  kalaw pak prabowo adalah orang baik semoga tahun ini pak prabowo menjadi presiden  Aminn,Tidak Diketahui
Pengasuh Ponpes Darussalam Banyuwangi Dukung GanjarMahfud di Pilpres   Jatim Ganjar Pranowo Presiden Pilihanku    asalbukanprabowo asalbukan Yaman US and UK GoyangGacor South Africa Israhell FreePalenstine Ancika Kapolri Fajri EndIsraelsGenocide ,Paslon_3
okezonenews Pilpres tahun  pilih presiden yang membawa perubahan contohnya pak ganjar,Tidak Diketahui
Mari kita pilih Ganjar Pranowo sebagai Presiden Republik Indonesia pada Pilpres  Ganjar Pranowo adalah pemimpin yang mampu meningkatkan daya saing ekonomiGanjarMahfudRebound GanjarPranowoPilihanUmat JNK,Paslon_3
Mari kita pilih Ganjar Pranowo sebagai Presiden Republik Indonesia pada Pilpres  Ganjar Pranowo adalah pemimpin yang mampu meningkatkan kualitas pendidikanGanjarMahfudRebound GanjarPranowoPilihanUmat JNK,Paslon_3
Mari kita pilih Ganjar Pranowo sebagai Presiden Republik Indonesia pada Pilpres  Ganjar Pranowo adalah pemimpin yang mampu meningkatkan daya saing ekonomiGanjarMahfudRebound GanjarPranowoPilihanUmat JNK,Paslon_3
Mari kita pilih Ganjar Pranowo sebagai Presiden Republik Indonesia pada Pilpres  Ganjar Pranowo adalah pemimpin yang mampu membawa Indonesia menjadi lebih baikGanjarMahfudRebound GanjarPranowoPilihanUmat JNK,Paslon_3
Mari kita pilih Ganjar Pranowo sebagai Presiden Republik Indonesia pada Pilpres  Ganjar Pranowo adalah pemimpin yang mampu meningkatkan daya saing ekonomiGanjarMahfudRebound GanjarPranowoPilihanUmat JNK,Paslon_3
Mari kita pilih Ganjar Pranowo sebagai Presiden Republik Indonesia pada Pilpres  Ganjar Pranowo adalah pemimpin yang mampu meningkatkan kualitas pendidikanGanjarMahfudRebound GanjarPranowoPilihanUmat JNK,Paslon_3
Mari kita pilih Ganjar Pranowo sebagai Presiden Republik Indonesia pada Pilpres  Ganjar Pranowo adalah pemimpin yang mampu meningkatkan kualitas pendidikanGanjarMahfudRebound GanjarPranowoPilihanUmat JNK,Paslon_3
Mari kita pilih Ganjar Pranowo sebagai Presiden Republik Indonesia pada Pilpres  Ganjar Pranowo adalah pemimpin yang mampu meningkatkan daya saing ekonomiGanjarMahfudRebound GanjarPranowoPilihanUmat JNK,Paslon_3
Mari kita pilih Ganjar Pranowo sebagai Presiden Republik Indonesia pada Pilpres  Ganjar Pranowo adalah pemimpin yang mampu membawa Indonesia menjadi lebih baikGanjarMahfudRebound GanjarPranowoPilihanUmat JNK,Paslon_3
Mari kita pilih Ganjar Pranowo sebagai Presiden Republik Indonesia pada Pilpres  Ganjar Pranowo adalah pemimpin yang mampu meningkatkan kualitas pendidikanGanjarMahfudRebound GanjarPranowoPilihanUmat JNK,Paslon_3
Mari kita pilih Ganjar Pranowo sebagai Presiden Republik Indonesia pada Pilpres  Ganjar Pranowo adalah pemimpin yang mampu membawa Indonesia menjadi lebih baikGanjarMahfudRebound GanjarPranowoPilihanUmat JNK,Paslon_3
Mari kita pilih Ganjar Pranowo sebagai Presiden Republik Indonesia pada Pilpres  Ganjar Pranowo adalah pemimpin yang mampu meningkatkan daya saing ekonomiGanjarMahfudRebound GanjarPranowoPilihanUmat JNK,Paslon_3
Mari kita pilih Ganjar Pranowo sebagai Presiden Republik Indonesia pada Pilpres  Ganjar Pranowo adalah pemimpin yang mampu meningkatkan daya saing ekonomiGanjarMahfudRebound GanjarPranowoPilihanUmat JNK,Paslon_3
Mari kita pilih Ganjar Pranowo sebagai Presiden Republik Indonesia pada Pilpres  Ganjar Pranowo adalah pemimpin yang mampu membawa Indonesia menjadi lebih baikGanjarMahfudRebound GanjarPranowoPilihanUmat JNK,Paslon_3
Mari kita pilih Ganjar Pranowo sebagai Presiden Republik Indonesia pada Pilpres  Ganjar Pranowo adalah pemimpin yang mampu meningkatkan kualitas pendidikanGanjarMahfudRebound GanjarPranowoPilihanUmat JNK,Paslon_3
Mari kita pilih Ganjar Pranowo sebagai Presiden Republik Indonesia pada Pilpres  Ganjar Pranowo adalah pemimpin yang mampu membawa Indonesia menjadi lebih baikGanjarMahfudRebound GanjarPranowoPilihanUmat JNK,Paslon_3
Mari kita pilih Ganjar Pranowo sebagai Presiden Republik Indonesia pada Pilpres  Ganjar Pranowo adalah pemimpin yang mampu meningkatkan kualitas pendidikanGanjarMahfudRebound GanjarPranowoPilihanUmat JNK,Paslon_3
Mari kita pilih Ganjar Pranowo sebagai Presiden Republik Indonesia pada Pilpres  Ganjar Pranowo adalah pemimpin yang mampu meningkatkan daya saing ekonomiGanjarMahfudRebound GanjarPranowoPilihanUmat JNK,Paslon_3
Mari kita pilih Ganjar Pranowo sebagai Presiden Republik Indonesia pada Pilpres  Ganjar Pranowo adalah pemimpin yang mampu meningkatkan kualitas pendidikanGanjarMahfudRebound GanjarPranowoPilihanUmat JNK,Paslon_3
Mari kita pilih Ganjar Pranowo sebagai Presiden Republik Indonesia pada Pilpres  Ganjar Pranowo adalah pemimpin yang mampu meningkatkan daya saing ekonomiGanjarMahfudRebound GanjarPranowoPilihanUmat JNK,Paslon_3
Mari kita pilih Ganjar Pranowo sebagai Presiden Republik Indonesia pada Pilpres  Ganjar Pranowo adalah pemimpin yang mampu membawa Indonesia menjadi lebih baikGanjarMahfudRebound GanjarPranowoPilihanUmat JNK,Paslon_3
Mari kita pilih Ganjar Pranowo sebagai Presiden Republik Indonesia pada Pilpres  Ganjar Pranowo adalah pemimpin yang mampu meningkatkan daya saing ekonomiGanjarMahfudRebound GanjarPranowoPilihanUmat JNK,Paslon_3
Mari kita pilih Ganjar Pranowo sebagai Presiden Republik Indonesia pada Pilpres  Ganjar Pranowo adalah pemimpin yang mampu membawa Indonesia menjadi lebih baikGanjarMahfudRebound GanjarPranowoPilihanUmat JNK,Paslon_3
Mari kita pilih Ganjar Pranowo sebagai Presiden Republik Indonesia pada Pilpres  Ganjar Pranowo adalah pemimpin yang mampu meningkatkan kualitas pendidikanGanjarMahfudRebound GanjarPranowoPilihanUmat JNK,Paslon_3
Mari kita pilih Ganjar Pranowo sebagai Presiden Republik Indonesia pada Pilpres  Ganjar Pranowo adalah pemimpin yang mampu meningkatkan kualitas pendidikanGanjarMahfudRebound GanjarPranowoPilihanUmat JNK,Paslon_3
Mari kita pilih Ganjar Pranowo sebagai Presiden Republik Indonesia pada Pilpres  Ganjar Pranowo adalah pemimpin yang mampu meningkatkan daya saing ekonomiGanjarMahfudRebound GanjarPranowoPilihanUmat JNK,Paslon_3
Mari kita pilih Ganjar Pranowo sebagai Presiden Republik Indonesia pada Pilpres  Ganjar Pranowo adalah pemimpin yang mampu membawa Indonesia menjadi lebih baikGanjarMahfudRebound GanjarPranowoPilihanUmat JNK,Paslon_3
Mari kita pilih Ganjar Pranowo sebagai Presiden Republik Indonesia pada Pilpres  Ganjar Pranowo adalah pemimpin yang mampu membawa Indonesia menjadi lebih baikGanjarMahfudRebound GanjarPranowoPilihanUmat JNK,Paslon_3
Mari kita pilih Ganjar Pranowo sebagai Presiden Republik Indonesia pada Pilpres  Ganjar Pranowo adalah pemimpin yang mampu meningkatkan kualitas pendidikanGanjarMahfudRebound GanjarPranowoPilihanUmat JNK,Paslon_3
Mari kita pilih Ganjar Pranowo sebagai Presiden Republik Indonesia pada Pilpres  Ganjar Pranowo adalah pemimpin yang mampu membawa Indonesia menjadi lebih baikGanjarMahfudRebound GanjarPranowoPilihanUmat JNK,Paslon_3
Kepribadian GanjarMahfud yang sederhana merakyat seperti Presiden Jokowi ini membuat banyak orang akhirnya menjatuhkan hatinya untuk GanjarMahfud di Pilpres  Sama seperti para diaspora Indonesia di Amerika yang mantap dan solid dukung   GanjarMahfudApp ganjarpranowo ,Tidak Diketahui
Khofifah Indar Parawansa Gubernur Jawa Timur Jatim yang dukung pasangan calon presiden dan calon wakil presiden nomor urut  Prabowo SubiantoGibran Rakabuming di Pilpres     JumatBerkah ,Tidak Diketahui
JatimDkgGanjar Pilpres tahun  pilih presiden yang membawa perubahan contohnya pak ganjarGanjar Mmberi Solusi DialogGanjar,Tidak Diketahui
liputandotcom Pilpres tahun  pilih presiden yang membawa perubahan contohnya pak ganjar,Tidak Diketahui
liputandotcom Pilpres tahun  pilih presiden yang membawa perubahan contohnya pak ganjar,Tidak Diketahui
FaGtng ganjarpranowo Pilpres tahun  pilih presiden yang membawa perubahan contohnya pak ganjar,Tidak Diketahui
Bdoel ganjarpranowo Pilpres tahun  pilih presiden yang membawa perubahan contohnya pak ganjar,Tidak Diketahui
detikcom Pilpres tahun  pilih presiden yang membawa perubahan contohnya pak ganjar,Tidak Diketahui
Kata Anies Baswedan Pilpres  Bukan hanya Pilih Presiden Baru  ,Tidak Diketahui
okezonenews ganjarpranowo Pilpres tahun  kita harus pilih presiden yang membawa perubahan pak ganjar pranowo pasti menang LanjutGANsemuamurah,Tidak Diketahui
officialinews Pilpres tahun  kita harus pilih presiden yang membawa perubahan pak ganjar pranowo pasti menang LanjutGANsemuamurah,Tidak Diketahui
Mas kok sekarang gak dukung Jokowi   Lha Jokowi gak maju di Pilpres   Tapi kan ada anaknya Gibran maju Cawapres  Gw ini pendukung Jokowi sejak  bukan pendukung Keluarga Jokowi  Tapi jika Presiden berhalangan diganti Wapres nya  Gw gak tega punya pikiran seperti itu ,Tidak Diketahui
liputandotcom Pilpres tahun  pilih presiden yang membawa perubahan contohnya pak ganjar,Tidak Diketahui
liputandotcom Pilpres tahun  kita harus pilih presiden yang membawa perubahan pak ganjar pranowo pasti menang LanjutGANsemuamurah,Tidak Diketahui
liputandotcom Pilpres tahun  kita harus pilih presiden yang membawa perubahan pak ganjar pranowo pasti menang LanjutGANsemuamurah,Tidak Diketahui
SAYANG BANGET KLU ORANG SEKALIBER PAK aniesbaswedan TIDAK DIDUKUNG UNTUK MENANG PILPRES DAN JADI PRESIDEN INDONESIA  AYOO RAKYAT INDONESIA BERSATULAH DUKUNG DAN MENANGKAN PASLON  ,Tidak Diketahui
andryyusuf arinayasmine propaganda BankJoee bengkeldodo AditBandit ejaferdiansyah FirdaSyeban florieliciouss Gmbk NdonsBack Kimberley Cb blg basi sm peserta AksiKamisan yg sampai skrg msh berusaha dapetin haknya kejelasan nasib klg mrk yg jd korban penculikan   Sdh thn amp  negara blm menuntaskan kasusnya Sdkt empatilah Masa pelaku kejahatan HAM lo pilih jd presiden Ada alasan knp dia kalah pilpres x,Tidak Diketahui
Yuk pilih Calon Presiden RI Ganjar Pranowo jadi Presiden Republik Indonesia di Pilpres  JNK JNK GanjarMahfudRebound GanjarPranowoPilihanUmat JNKGanjarRIGanjarRI ,Paslon_3
Yuk pilih Calon Presiden RI Ganjar Pranowo jadi Presiden Republik Indonesia di Pilpres  JNK JNK GanjarMahfudRebound GanjarPranowoPilihanUmat JNKGanjarRIGanjarRI ,Paslon_3
Yuk pilih Calon Presiden RI Ganjar Pranowo jadi Presiden Republik Indonesia di Pilpres  JNK JNK GanjarMahfudRebound GanjarPranowoPilihanUmat JNKGanjarRIGanjarRI ,Paslon_3
Yuk pilih Calon Presiden RI Ganjar Pranowo jadi Presiden Republik Indonesia di Pilpres  JNK JNK GanjarMahfudRebound GanjarPranowoPilihanUmat JNKGanjarRIGanjarRI ,Paslon_3
Yuk pilih Calon Presiden RI Ganjar Pranowo jadi Presiden Republik Indonesia di Pilpres  JNK JNK GanjarMahfudRebound GanjarPranowoPilihanUmat JNKGanjarRIGanjarRI ,Paslon_3
Yuk pilih Calon Presiden RI Ganjar Pranowo jadi Presiden Republik Indonesia di Pilpres  JNK JNK GanjarMahfudRebound GanjarPranowoPilihanUmat JNKGanjarRIGanjarRI ,Paslon_3
Yuk pilih Calon Presiden RI Ganjar Pranowo jadi Presiden Republik Indonesia di Pilpres  JNK JNK GanjarMahfudRebound GanjarPranowoPilihanUmat JNKGanjarRIGanjarRI ,Paslon_3
Tidak penting survey kami tetap pilih prabowo sebagai presiden RI pilpres thn ,Paslon_2
seruanhl ganjarpranowo Pilpres tahun  kita harus pilih presiden yang membawa perubahankami yakin pak ganjar pranowo pasti menang LanjutGANsemuamurah,Tidak Diketahui
Kaukus Perempuan Nahdliyin di Lampung Dukung Ganjar  Mahfud Menang Pilpres   Jatim Ganjar Pranowo Presiden Pilihanku    asalbukanprabowo asalbukan Amanda Zahra UNHAS KebenaranPastiMenang Pak JK Ancika Fajri Saddil GASPOL Tazz ,Paslon_3
seruanhl ganjarpranowo Pilpres tahun  pilih presiden yang membawa perubahan contohnya pak ganjar,Tidak Diketahui
Pertimbangan memilih pasangan pilpres    Memilih pasangan Amin No  itu sama dengan menghancurkan impian Indonesia Jaya    Memilih pasangan Gama No  itu sama dengan memilih boneka Partai pengalaman pahit presiden Jokowi   Indonesia Jaya pilih No  Prabu,Tidak Diketahui
Ogah Punya Presiden Tantrum Kakak Menpora Dito Ariotedjo Diduga Tak akan Pilih Prabowo di Pilpres  Bisa Bayangin ,Paslon_2
Mari sejanak kita lakukan Pooling Pendapat atau Pengumpulan Pendapat  Apakah anda yakin Presiden Jokowi NETRAL pada Pilpres     TIDAK YAKIN pilih Reetwet  YAKIN pilih Like ,Tidak Diketahui
prabowogibran Oke tetap pilih prabowo Gibran pilpres thn   dgn cara satang ke TPS tgl  Pebruari nanti coblos no Urut  prabowo Gibran sebagai presiden oke salam Silaturahmi buat semua nya,Paslon_2
Kami Tetap pilih prabowo Gibran pilpres thn  dgn cara datang ke tps Tgl  Pebruari coblos no Urut  prabowo Gibran sebagai presiden RI oke salam Silaturahmi buat semua,Paslon_2
Tidak servey kami tetap pilih prabowo Gibran pilpres thn  dg cara datang ke TPS Tgl  Pebruari coblos no Urut  prabowo Gibran sebagai presiden oke,Paslon_2
Ogah Punya Presiden Tantrum Kakak Menpora Dito Ariotedjo Diduga Tak akan Pilih Prabowo di Pilpres  Bisa Bayangin ,Paslon_2
Ribuan Advokasi Deklarasikan Dukung GanjarMahfud di Pilpres   Jatim Ganjar Pranowo Presiden Pilihanku    Tags  asalbukanprabowo asalbukan Amanda Zahra Umur  UNHAS Jam  Megawati Soekarnoputri Jam  Ancika Pak JK PTN TOP  Emaknya Khofifah BABYMONSTERstROTY ,Paslon_3
Ogah Punya Presiden Tantrum Kakak Menpora Dito Ariotedjo Diduga Tak Akan Pilih Prabowo di Pilpres  ,Paslon_2
Ogah Punya Presiden Tantrum Kakak Menpora Dito Ariotedjo Diduga Tak akan Pilih Prabowo di Pilpres  Bisa Bayangin ,Paslon_2
Mari kita pilih Ganjar Pranowo sebagai Presiden Republik Indonesia pada Pilpres  Ganjar Pranowo adalah pemimpin yang mampu meningkatkan daya saing ekonomiGanjarMahfudRebound GanjarPranowoPilihanUmat JNK,Paslon_3
Mari kita pilih Ganjar Pranowo sebagai Presiden Republik Indonesia pada Pilpres  Ganjar Pranowo adalah pemimpin yang mampu meningkatkan daya saing ekonomiGanjarMahfudRebound GanjarPranowoPilihanUmat JNK,Paslon_3
Mari kita pilih Ganjar Pranowo sebagai Presiden Republik Indonesia pada Pilpres  Ganjar Pranowo adalah pemimpin yang mampu meningkatkan daya saing ekonomiGanjarMahfudRebound GanjarPranowoPilihanUmat JNK,Paslon_3
Mari kita pilih Ganjar Pranowo sebagai Presiden Republik Indonesia pada Pilpres  Ganjar Pranowo adalah pemimpin yang mampu meningkatkan daya saing ekonomiGanjarMahfudRebound GanjarPranowoPilihanUmat JNK,Paslon_3
Mari kita pilih Ganjar Pranowo sebagai Presiden Republik Indonesia pada Pilpres  Ganjar Pranowo adalah pemimpin yang mampu meningkatkan kualitas pendidikanGanjarMahfudRebound GanjarPranowoPilihanUmat JNK,Paslon_3
Mari kita pilih Ganjar Pranowo sebagai Presiden Republik Indonesia pada Pilpres  Ganjar Pranowo adalah pemimpin yang mampu meningkatkan kualitas pendidikanGanjarMahfudRebound GanjarPranowoPilihanUmat JNK,Paslon_3
Mari kita pilih Ganjar Pranowo sebagai Presiden Republik Indonesia pada Pilpres  Ganjar Pranowo adalah pemimpin yang mampu meningkatkan kualitas pendidikanGanjarMahfudRebound GanjarPranowoPilihanUmat JNK,Paslon_3
Mari kita pilih Ganjar Pranowo sebagai Presiden Republik Indonesia pada Pilpres  Ganjar Pranowo adalah pemimpin yang mampu meningkatkan kualitas pendidikanGanjarMahfudRebound GanjarPranowoPilihanUmat JNK,Paslon_3
Mari kita pilih Ganjar Pranowo sebagai Presiden Republik Indonesia pada Pilpres  Ganjar Pranowo adalah pemimpin yang mampu membawa Indonesia menjadi lebih baikGanjarMahfudRebound GanjarPranowoPilihanUmat JNK,Paslon_3
Mari kita pilih Ganjar Pranowo sebagai Presiden Republik Indonesia pada Pilpres  Ganjar Pranowo adalah pemimpin yang mampu membawa Indonesia menjadi lebih baikGanjarMahfudRebound GanjarPranowoPilihanUmat JNK,Paslon_3
Mari kita pilih Ganjar Pranowo sebagai Presiden Republik Indonesia pada Pilpres  Ganjar Pranowo adalah pemimpin yang mampu membawa Indonesia menjadi lebih baikGanjarMahfudRebound GanjarPranowoPilihanUmat JNK,Paslon_3
Mari kita pilih Ganjar Pranowo sebagai Presiden Republik Indonesia pada Pilpres  Ganjar Pranowo adalah pemimpin yang mampu membawa Indonesia menjadi lebih baikGanjarMahfudRebound GanjarPranowoPilihanUmat JNK,Paslon_3
Ogah Punya Presiden Tantrum Kakak Menpora Dito Ariotedjo Diduga Tak Akan Pilih Prabowo di Pilpres  ,Paslon_2
Ogah Punya Presiden Tantrum Kakak Menpora Dito Ariotedjo Diduga Tak akan Pilih Prabowo di Pilpres  Bisa Bayangin   ,Paslon_2
hansssolo Ganjar Hapuskan Hutang Pilpres tahun  kita harus pilih presiden yang membawa perubahan pak ganjar pranowo pasti menang LanjutGANsemuamurah,Tidak Diketahui
Fakta Debat  Prabowo banyak menyatakan Setuju dengan pernyataan yang disampaikan ganjarpranowo dalam debat ketiga capres Pilpres   Yes Janganjangan Prabowo juga Setuju pilih Ganjar presiden  Yang benar Pasnjar  GanjarMahfud GanjarMahfudMnang Lbihbaik ,Paslon_3
Yuk pilih Ganjar Pranowo jadi Presiden Republik Indonesia di Pilpres  GanjarMahfudRebound GanjarPranowoPilihanUmat JNK ,Paslon_3
Yuk pilih Ganjar Pranowo jadi Presiden Republik Indonesia di Pilpres  GanjarMahfudRebound GanjarPranowoPilihanUmat JNK ,Paslon_3
Yuk pilih Ganjar Pranowo jadi Presiden Republik Indonesia di Pilpres  GanjarMahfudRebound GanjarPranowoPilihanUmat JNK ,Paslon_3
Yuk pilih Ganjar Pranowo jadi Presiden Republik Indonesia di Pilpres  GanjarMahfudRebound GanjarPranowoPilihanUmat JNK ,Paslon_3
Yuk pilih Ganjar Pranowo jadi Presiden Republik Indonesia di Pilpres  GanjarMahfudRebound GanjarPranowoPilihanUmat JNK ,Paslon_3
Yuk pilih Ganjar Pranowo jadi Presiden Republik Indonesia di Pilpres  GanjarMahfudRebound GanjarPranowoPilihanUmat JNK ,Paslon_3
antaranews Pilpres tahun  pilih presiden yang membawa perubahan contohnya pak ganjar,Tidak Diketahui
Yutokarnegi jpnncom Pilpres tahun  pilih presiden yang membawa perubahan contohnya pak ganjar,Tidak Diketahui
jpnncom Pilpres tahun  pilih presiden yang membawa perubahan contohnya pak ganjar,Tidak Diketahui
tempodotco Pilpres tahun  kita harus pilih presiden yang membawa perubahan pak ganjar pranowo pasti menang LanjutGANsemuamurah,Tidak Diketahui
detikcom Pilpres tahun  kita harus pilih presiden yang membawa perubahan pak ganjar pranowo pasti menang LanjutGANsemuamurah,Tidak Diketahui
Yuk pilih Calon Presiden RI Ganjar Pranowo jadi Presiden Republik Indonesia di Pilpres  GanjarMahfudRebound GanjarPranowoPilihanUmat JNK ,Paslon_3
Yuk pilih Calon Presiden RI Ganjar Pranowo jadi Presiden Republik Indonesia di Pilpres  GanjarMahfudRebound GanjarPranowoPilihanUmat JNK ,Paslon_3
Yuk pilih Calon Presiden RI Ganjar Pranowo jadi Presiden Republik Indonesia di Pilpres  GanjarMahfudRebound GanjarPranowoPilihanUmat JNK ,Paslon_3
Yuk pilih Calon Presiden RI Ganjar Pranowo jadi Presiden Republik Indonesia di Pilpres  GanjarMahfudRebound GanjarPranowoPilihanUmat JNK ,Paslon_3
Yuk pilih Calon Presiden RI Ganjar Pranowo jadi Presiden Republik Indonesia di Pilpres  GanjarMahfudRebound GanjarPranowoPilihanUmat JNK ,Paslon_3
Yuk pilih Calon Presiden RI Ganjar Pranowo jadi Presiden Republik Indonesia di Pilpres  GanjarMahfudRebound GanjarPranowoPilihanUmat JNK ,Paslon_3
Yuk pilih Capres RI  Ganjar Pranowo jadi Presiden Republik Indonesia di Pilpres  GanjarMahfudRebound GanjarPranowoPilihanUmat JNK ,Tidak Diketahui
Yuk pilih Capres RI  Ganjar Pranowo jadi Presiden Republik Indonesia di Pilpres  GanjarMahfudRebound GanjarPranowoPilihanUmat JNK ,Tidak Diketahui
Yuk pilih Capres RI  Ganjar Pranowo jadi Presiden Republik Indonesia di Pilpres  GanjarMahfudRebound GanjarPranowoPilihanUmat JNK ,Tidak Diketahui
Yuk pilih Capres RI  Ganjar Pranowo jadi Presiden Republik Indonesia di Pilpres  GanjarMahfudRebound GanjarPranowoPilihanUmat JNK ,Tidak Diketahui
Lah katanya tidak tertutup  Bapak lupa ya   Nda bahaya tah   Terima kasih PKSejahtera yg sudah mengingatkan   Biar Presiden kita nda pelupa Yuk pilih Paslon  di Pilpres  ini  Pilih Pak aniesbaswedan amp  Pak cakimiNOW ya untuk Indonesia lebih baik  ,Tidak Diketahui
ganjarpranowo NarasiNewsroom Anak muda dukung penuh GanjarMahfud untuk melaju di pilpres  Ganjar Mahfud pilihan GENZ  Ganjar Mahfud the next presiden ,Tidak Diketahui
tribunnews Pilpres tahun  pilih presiden yang membawa perubahan contohnya pak ganjar,Tidak Diketahui
okezonenews Pilpres tahun  kita harus pilih presiden yang membawa perubahan pak ganjar pranowo pasti menang LanjutGANsemuamurah,Tidak Diketahui
kompascom Pilpres tahun  pilih presiden yang membawa perubahan contohnya pak ganjar,Tidak Diketahui
okezonenews Pilpres tahun  pilih presiden yang membawa perubahan contohnya pak ganjar,Tidak Diketahui
tribunnews ganjarpranowo Pilpres tahun  pilih presiden yang membawa perubahan contohnya pak ganjar,Tidak Diketahui
